,Period,Epoch,Duration,Depth,Radius
0,5.000914830423111,2458625.7017138163,0.0772373582280411,0.0001322015014977307,0.6270741201315139
