,Period,Epoch,Duration,Depth,Radius
0,5.000914830423111,2458625.700856908,0.0772373582280411,0.0009189691984138326,1.6532980790984177
