,Period,Epoch,Duration,Depth,Radius
0,4.993093093093093,2458625.716906907,0.05,0.0009139152047173408,1.6487455444834536
