,Period,Epoch,Duration,Depth,Radius
0,12.62882882882883,2458633.075,0.05,0.00020564686292049594,0.7820989953552172
