,Period,Epoch,Duration,Depth,Radius
0,4.993093093093093,2458625.716906907,0.05,0.0009656835847540627,1.6947986450531811
