,Period,Epoch,Duration,Depth,Radius
0,4.993093093093093,2458625.716906907,0.05,0.0010268318119741418,1.747633419713655
