,Period,Epoch,Duration,Depth,Radius
0,5.000914830423111,2458625.7017138163,0.0772373582280411,0.0010406498417204757,1.7593530362476764
