,Period,Epoch,Duration,Depth,Radius
0,7.4348348348348345,2458630.8150000004,0.05,0.00021370578885323627,0.7972762494441904
