,Period,Epoch,Duration,Depth,Radius
0,4.993093093093093,2458625.716906907,0.05,0.0006453083242208122,1.3854291376702574
