,Period,Epoch,Duration,Depth,Radius
0,5.000914830423111,2458625.7017138163,0.0772373582280411,0.0001162816781874465,0.5881069734277646
