,Period,Epoch,Duration,Depth,Radius
0,7.000010545385962,2458625.7063022605,0.08704435562889679,0.005833006949037878,4.165306178112056
