,Period,Epoch,Duration,Depth,Radius
0,10.77987987987988,2458629.7950000004,0.05,0.00021402006776392158,0.7978622772216328
