,Period,Epoch,Duration,Depth,Radius
0,6.9972972972972975,2458625.702702703,0.1,0.0041625039402346355,3.5186657394944967
