,Period,Epoch,Duration,Depth,Radius
0,6.9972972972972975,2458625.702702703,0.1,0.005136403040898268,3.908681027702946
