,Period,Epoch,Duration,Depth,Radius
0,7.000010545385962,2458625.7063022605,0.08704435562889679,0.00583411306512005,4.165701093958206
