,Period,Epoch,Duration,Depth,Radius
0,0.6063509575880276,2458625.7128540324,0.013707056506869698,6.296337234656946e-05,0.43275757057267356
