,Period,Epoch,Duration,Depth,Radius
0,6.9972972972972975,2458625.702702703,0.1,0.005186184986919502,3.92757679449702
