,Period,Epoch,Duration,Depth,Radius
0,3.2513513513513512,2458627.3150000004,0.05,0.0028576918419444754,2.9154686853606964
